{
    "version": "1.4.0",
    "project": {
        "name": "root",
        "directory": "D:\\Studying\\Level 4\\BankingSystem",
        "workspaceDir": "D:\\Studying\\Level 4\\BankingSystem",
        "sources": [
            "D:\\Studying\\Level 4\\BankingSystem\\src\\main\\scala",
            "D:\\Studying\\Level 4\\BankingSystem\\src\\main\\scala-2.13",
            "D:\\Studying\\Level 4\\BankingSystem\\src\\main\\scala-2",
            "D:\\Studying\\Level 4\\BankingSystem\\src\\main\\java",
            "D:\\Studying\\Level 4\\BankingSystem\\target\\scala-2.13\\src_managed\\main"
        ],
        "dependencies": [
            
        ],
        "classpath": [
            "C:\\Users\\LAPTOP\\AppData\\Local\\Coursier\\Cache\\v1\\https\\repo1.maven.org\\maven2\\org\\scala-lang\\scala-library\\2.13.12\\scala-library-2.13.12.jar",
            "C:\\Users\\LAPTOP\\AppData\\Local\\Coursier\\Cache\\v1\\https\\repo1.maven.org\\maven2\\mysql\\mysql-connector-java\\8.0.28\\mysql-connector-java-8.0.28.jar",
            "C:\\Users\\LAPTOP\\AppData\\Local\\Coursier\\Cache\\v1\\https\\repo1.maven.org\\maven2\\com\\google\\protobuf\\protobuf-java\\3.11.4\\protobuf-java-3.11.4.jar"
        ],
        "out": "D:\\Studying\\Level 4\\BankingSystem\\.bloop\\root",
        "classesDir": "D:\\Studying\\Level 4\\BankingSystem\\.bloop\\root\\scala-2.13\\classes",
        "resources": [
            "D:\\Studying\\Level 4\\BankingSystem\\src\\main\\resources",
            "D:\\Studying\\Level 4\\BankingSystem\\target\\scala-2.13\\resource_managed\\main"
        ],
        "scala": {
            "organization": "org.scala-lang",
            "name": "scala-compiler",
            "version": "2.13.12",
            "options": [
                
            ],
            "jars": [
                "C:\\Users\\LAPTOP\\AppData\\Local\\Coursier\\Cache\\v1\\https\\repo1.maven.org\\maven2\\org\\scala-lang\\scala-library\\2.13.12\\scala-library-2.13.12.jar",
                "C:\\Users\\LAPTOP\\AppData\\Local\\Coursier\\Cache\\v1\\https\\repo1.maven.org\\maven2\\org\\scala-lang\\scala-compiler\\2.13.12\\scala-compiler-2.13.12.jar",
                "C:\\Users\\LAPTOP\\AppData\\Local\\Coursier\\Cache\\v1\\https\\repo1.maven.org\\maven2\\org\\scala-lang\\scala-reflect\\2.13.12\\scala-reflect-2.13.12.jar",
                "C:\\Users\\LAPTOP\\AppData\\Local\\Coursier\\Cache\\v1\\https\\repo1.maven.org\\maven2\\io\\github\\java-diff-utils\\java-diff-utils\\4.12\\java-diff-utils-4.12.jar",
                "C:\\Users\\LAPTOP\\AppData\\Local\\Coursier\\Cache\\v1\\https\\repo1.maven.org\\maven2\\org\\jline\\jline\\3.22.0\\jline-3.22.0.jar",
                "C:\\Users\\LAPTOP\\AppData\\Local\\Coursier\\Cache\\v1\\https\\repo1.maven.org\\maven2\\net\\java\\dev\\jna\\jna\\5.13.0\\jna-5.13.0.jar"
            ],
            "setup": {
                "order": "mixed",
                "addLibraryToBootClasspath": true,
                "addCompilerToClasspath": false,
                "addExtraJarsToClasspath": false,
                "manageBootClasspath": true,
                "filterLibraryFromClasspath": true
            }
        },
        "java": {
            "options": [
                
            ]
        },
        "test": {
            "frameworks": [
                {
                    "names": [
                        "org.scalacheck.ScalaCheckFramework"
                    ]
                },
                {
                    "names": [
                        "org.specs2.runner.Specs2Framework",
                        "org.specs2.runner.SpecsFramework"
                    ]
                },
                {
                    "names": [
                        "org.specs.runner.SpecsFramework"
                    ]
                },
                {
                    "names": [
                        "org.scalatest.tools.Framework",
                        "org.scalatest.tools.ScalaTestFramework"
                    ]
                },
                {
                    "names": [
                        "com.novocode.junit.JUnitFramework"
                    ]
                },
                {
                    "names": [
                        "munit.Framework"
                    ]
                },
                {
                    "names": [
                        "zio.test.sbt.ZTestFramework"
                    ]
                },
                {
                    "names": [
                        "weaver.framework.CatsEffect"
                    ]
                },
                {
                    "names": [
                        "hedgehog.sbt.Framework"
                    ]
                }
            ],
            "options": {
                "excludes": [
                    
                ],
                "arguments": [
                    
                ]
            }
        },
        "platform": {
            "name": "jvm",
            "config": {
                "home": "C:\\Program Files\\Java\\jdk-16.0.2",
                "options": [
                    "-Duser.dir=D:\\Studying\\Level 4\\BankingSystem"
                ]
            },
            "mainClass": [
                
            ]
        },
        "resolution": {
            "modules": [
                {
                    "organization": "org.scala-lang",
                    "name": "scala-library",
                    "version": "2.13.12",
                    "configurations": "default",
                    "artifacts": [
                        {
                            "name": "scala-library",
                            "path": "C:\\Users\\LAPTOP\\AppData\\Local\\Coursier\\Cache\\v1\\https\\repo1.maven.org\\maven2\\org\\scala-lang\\scala-library\\2.13.12\\scala-library-2.13.12.jar"
                        },
                        {
                            "name": "scala-library",
                            "classifier": "sources",
                            "path": "C:\\Users\\LAPTOP\\AppData\\Local\\Coursier\\Cache\\v1\\https\\repo1.maven.org\\maven2\\org\\scala-lang\\scala-library\\2.13.12\\scala-library-2.13.12-sources.jar"
                        },
                        {
                            "name": "scala-library",
                            "classifier": "javadoc",
                            "path": "C:\\Users\\LAPTOP\\AppData\\Local\\Coursier\\Cache\\v1\\https\\repo1.maven.org\\maven2\\org\\scala-lang\\scala-library\\2.13.12\\scala-library-2.13.12-javadoc.jar"
                        }
                    ]
                },
                {
                    "organization": "mysql",
                    "name": "mysql-connector-java",
                    "version": "8.0.28",
                    "configurations": "default",
                    "artifacts": [
                        {
                            "name": "mysql-connector-java",
                            "path": "C:\\Users\\LAPTOP\\AppData\\Local\\Coursier\\Cache\\v1\\https\\repo1.maven.org\\maven2\\mysql\\mysql-connector-java\\8.0.28\\mysql-connector-java-8.0.28.jar"
                        },
                        {
                            "name": "mysql-connector-java",
                            "classifier": "sources",
                            "path": "C:\\Users\\LAPTOP\\AppData\\Local\\Coursier\\Cache\\v1\\https\\repo1.maven.org\\maven2\\mysql\\mysql-connector-java\\8.0.28\\mysql-connector-java-8.0.28-sources.jar"
                        }
                    ]
                },
                {
                    "organization": "com.google.protobuf",
                    "name": "protobuf-java",
                    "version": "3.11.4",
                    "configurations": "default",
                    "artifacts": [
                        {
                            "name": "protobuf-java",
                            "path": "C:\\Users\\LAPTOP\\AppData\\Local\\Coursier\\Cache\\v1\\https\\repo1.maven.org\\maven2\\com\\google\\protobuf\\protobuf-java\\3.11.4\\protobuf-java-3.11.4.jar"
                        },
                        {
                            "name": "protobuf-java",
                            "classifier": "sources",
                            "path": "C:\\Users\\LAPTOP\\AppData\\Local\\Coursier\\Cache\\v1\\https\\repo1.maven.org\\maven2\\com\\google\\protobuf\\protobuf-java\\3.11.4\\protobuf-java-3.11.4-sources.jar"
                        },
                        {
                            "name": "protobuf-java",
                            "classifier": "javadoc",
                            "path": "C:\\Users\\LAPTOP\\AppData\\Local\\Coursier\\Cache\\v1\\https\\repo1.maven.org\\maven2\\com\\google\\protobuf\\protobuf-java\\3.11.4\\protobuf-java-3.11.4-javadoc.jar"
                        }
                    ]
                },
                {
                    "organization": "org.scala-lang",
                    "name": "scala-library",
                    "version": "2.13.12",
                    "configurations": "optional",
                    "artifacts": [
                        {
                            "name": "scala-library",
                            "path": "C:\\Users\\LAPTOP\\AppData\\Local\\Coursier\\Cache\\v1\\https\\repo1.maven.org\\maven2\\org\\scala-lang\\scala-library\\2.13.12\\scala-library-2.13.12.jar"
                        },
                        {
                            "name": "scala-library",
                            "classifier": "sources",
                            "path": "C:\\Users\\LAPTOP\\AppData\\Local\\Coursier\\Cache\\v1\\https\\repo1.maven.org\\maven2\\org\\scala-lang\\scala-library\\2.13.12\\scala-library-2.13.12-sources.jar"
                        },
                        {
                            "name": "scala-library",
                            "classifier": "javadoc",
                            "path": "C:\\Users\\LAPTOP\\AppData\\Local\\Coursier\\Cache\\v1\\https\\repo1.maven.org\\maven2\\org\\scala-lang\\scala-library\\2.13.12\\scala-library-2.13.12-javadoc.jar"
                        }
                    ]
                }
            ]
        },
        "tags": [
            "library"
        ]
    }
}